[{"marca":"Bugatti ","modelo":"Chiron","matricula":" i6789w","puertasCoches":3,"familiar":false},{"marca":"Bugatti ","modelo":"Chiron","matricula":" i6789w","puertasCoches":3,"familiar":false},{"marca":"Bugatti ","modelo":"Chiron","matricula":" i6789w","puertasCoches":3,"familiar":false},{"marca":"Bugatti ","modelo":"Chiron","matricula":" i6789w","puertasCoches":3,"familiar":false},{"marca":"Bugatti ","modelo":"Chiron","matricula":" i6789w","puertasCoches":3,"familiar":false},{"marca":"Bugatti ","modelo":"Chiron","matricula":" i6789w","puertasCoches":3,"familiar":false},{"marca":"Bugatti ","modelo":"Chiron","matricula":" i6789w","puertasCoches":3,"familiar":false},{"marca":"Bugatti ","modelo":"Chiron","matricula":" i6789w","puertasCoches":3,"familiar":false},{"marca":"Bugatti ","modelo":"Chiron","matricula":" i6789w","puertasCoches":3,"familiar":false},{"marca":"Bugatti ","modelo":"Chiron","matricula":" i6789w","puertasCoches":3,"familiar":false}]